
-- Dumping structure for table students
CREATE TABLE IF NOT EXISTS `students` (
  `id` int(10) unsigned NOT NULL AUTO_INCREMENT,
  `firstname` varchar(50) NOT NULL DEFAULT '',
  `lastname` varchar(50) NOT NULL DEFAULT '',
  PRIMARY KEY (`id`)
) ENGINE=InnoDB AUTO_INCREMENT=6 DEFAULT CHARSET=utf8;

-- Dumping data for table students: ~5 rows (approximately)
/*!40000 ALTER TABLE `students` DISABLE KEYS */;
INSERT INTO `students` (`id`, `firstname`, `lastname`) VALUES
	(1, 'Иван', 'Петров'),
	(2, 'Сергей', 'Иванов'),
	(3, 'Петр', 'Сергеев'),
	(4, 'Александр', 'Кириллов'),
	(5, 'Кирилл', 'Смирнов');
/*!40000 ALTER TABLE `students` ENABLE KEYS */;


-- Dumping structure for table student_marks
CREATE TABLE IF NOT EXISTS `student_marks` (
  `id` int(10) unsigned NOT NULL AUTO_INCREMENT,
  `student_id` int(10) unsigned NOT NULL,
  `subject_id` int(10) unsigned NOT NULL,
  `date` date NOT NULL,
  `mark` tinyint(1) unsigned NOT NULL DEFAULT '5',
  PRIMARY KEY (`id`),
  KEY `student_id` (`student_id`),
  KEY `subject_id` (`subject_id`),
  KEY `student_subject` (`student_id`,`subject_id`)
) ENGINE=InnoDB AUTO_INCREMENT=118 DEFAULT CHARSET=utf8;

-- Dumping data for table student_marks: ~0 rows (approximately)
/*!40000 ALTER TABLE `student_marks` DISABLE KEYS */;
INSERT INTO `student_marks` (`id`, `student_id`, `subject_id`, `date`, `mark`) VALUES
	(1, 1, 2, '2016-09-02', 5),
	(2, 3, 1, '2016-09-02', 5),
	(3, 4, 2, '2016-09-02', 2),
	(4, 2, 3, '2016-09-02', 4),
	(5, 5, 3, '2016-09-03', 3),
	(6, 4, 4, '2016-09-03', 3),
	(7, 2, 4, '2016-09-03', 3),
	(8, 1, 3, '2016-09-03', 3),
	(9, 5, 3, '2016-09-04', 5),
	(10, 2, 3, '2016-09-04', 4),
	(11, 1, 2, '2016-09-04', 5),
	(12, 3, 2, '2016-09-04', 4),
	(13, 1, 2, '2016-09-05', 3),
	(14, 2, 6, '2016-09-05', 4),
	(15, 5, 2, '2016-09-05', 3),
	(16, 3, 6, '2016-09-05', 4),
	(17, 1, 6, '2016-09-08', 5),
	(18, 2, 2, '2016-09-08', 4),
	(19, 3, 2, '2016-09-08', 4),
	(20, 1, 3, '2016-09-09', 3),
	(21, 5, 2, '2016-09-09', 3),
	(22, 2, 3, '2016-09-09', 5),
	(23, 4, 1, '2016-09-09', 3),
	(24, 3, 3, '2016-09-09', 4),
	(25, 5, 2, '2016-09-10', 4),
	(26, 4, 3, '2016-09-10', 3),
	(27, 2, 1, '2016-09-10', 5),
	(28, 1, 2, '2016-09-10', 5),
	(29, 4, 8, '2016-09-11', 2),
	(30, 3, 3, '2016-09-11', 5),
	(31, 1, 2, '2016-09-11', 3),
	(32, 2, 8, '2016-09-11', 5),
	(33, 2, 6, '2016-09-12', 3),
	(34, 5, 2, '2016-09-12', 3),
	(35, 1, 2, '2016-09-12', 5),
	(36, 3, 8, '2016-09-12', 4),
	(37, 4, 4, '2016-09-12', 3),
	(38, 5, 2, '2016-09-15', 3),
	(39, 3, 6, '2016-09-15', 4),
	(40, 4, 7, '2016-09-15', 4),
	(41, 2, 2, '2016-09-15', 2),
	(42, 4, 2, '2016-09-16', 5),
	(43, 5, 2, '2016-09-16', 3),
	(44, 2, 2, '2016-09-16', 4),
	(45, 5, 1, '2016-09-17', 4),
	(46, 3, 3, '2016-09-17', 3),
	(47, 1, 2, '2016-09-17', 3),
	(48, 4, 2, '2016-09-18', 4),
	(49, 1, 2, '2016-09-18', 2),
	(50, 5, 8, '2016-09-18', 3),
	(51, 1, 2, '2016-09-19', 3),
	(52, 4, 6, '2016-09-19', 4),
	(53, 2, 4, '2016-09-19', 4),
	(54, 3, 6, '2016-09-19', 5),
	(55, 5, 4, '2016-09-19', 4),
	(56, 4, 6, '2016-09-22', 3),
	(57, 3, 7, '2016-09-22', 4),
	(58, 1, 6, '2016-09-22', 5),
	(59, 5, 7, '2016-09-22', 4),
	(60, 2, 2, '2016-09-23', 5),
	(61, 4, 2, '2016-09-23', 3),
	(62, 5, 3, '2016-09-23', 3),
	(63, 1, 1, '2016-09-23', 3),
	(64, 3, 2, '2016-09-23', 4),
	(65, 3, 2, '2016-09-24', 3),
	(66, 1, 6, '2016-09-24', 5),
	(67, 5, 3, '2016-09-24', 3),
	(68, 2, 2, '2016-09-25', 5),
	(69, 5, 8, '2016-09-25', 3),
	(70, 1, 3, '2016-09-25', 3),
	(71, 5, 8, '2016-09-26', 3),
	(72, 2, 4, '2016-09-26', 3),
	(73, 3, 4, '2016-09-26', 4),
	(74, 3, 2, '2016-09-29', 5),
	(75, 4, 2, '2016-09-29', 2),
	(76, 5, 2, '2016-09-29', 4),
	(77, 2, 2, '2016-09-29', 4),
	(78, 1, 1, '2016-09-30', 4),
	(79, 2, 3, '2016-09-30', 5),
	(80, 4, 1, '2016-09-30', 4),
	(81, 5, 1, '2016-09-30', 5),
	(82, 3, 3, '2016-10-01', 3),
	(83, 1, 3, '2016-10-01', 4),
	(84, 5, 2, '2016-10-01', 5),
	(85, 2, 6, '2016-10-01', 5),
	(86, 3, 3, '2016-10-02', 5),
	(87, 2, 8, '2016-10-02', 5),
	(88, 4, 8, '2016-10-02', 5),
	(89, 5, 8, '2016-10-02', 2),
	(90, 1, 2, '2016-10-02', 4),
	(91, 2, 2, '2016-10-03', 3),
	(92, 4, 4, '2016-10-03', 3),
	(93, 5, 6, '2016-10-03', 5),
	(94, 3, 4, '2016-10-03', 4),
	(95, 1, 7, '2016-10-06', 3),
	(96, 5, 4, '2016-10-06', 4),
	(97, 2, 4, '2016-10-06', 3),
	(98, 3, 2, '2016-10-06', 4),
	(99, 5, 1, '2016-10-07', 3),
	(100, 4, 2, '2016-10-07', 3),
	(101, 3, 1, '2016-10-07', 5),
	(102, 2, 1, '2016-10-07', 4),
	(103, 3, 6, '2016-10-08', 4),
	(104, 2, 1, '2016-10-08', 4),
	(105, 1, 4, '2016-10-08', 3),
	(106, 4, 6, '2016-10-08', 3),
	(107, 4, 3, '2016-10-09', 5),
	(108, 1, 3, '2016-10-09', 4),
	(109, 5, 3, '2016-10-09', 4),
	(110, 4, 4, '2016-10-10', 5),
	(111, 2, 8, '2016-10-10', 4),
	(112, 5, 4, '2016-10-10', 3),
	(113, 1, 2, '2016-10-10', 5),
	(114, 3, 6, '2016-10-10', 4),
	(115, 1, 7, '2016-10-13', 3),
	(116, 5, 7, '2016-10-13', 5),
	(117, 4, 6, '2016-10-13', 3);
/*!40000 ALTER TABLE `student_marks` ENABLE KEYS */;


-- Dumping structure for table subjects
CREATE TABLE IF NOT EXISTS `subjects` (
  `id` int(10) unsigned NOT NULL AUTO_INCREMENT,
  `name` varchar(50) NOT NULL DEFAULT '',
  PRIMARY KEY (`id`)
) ENGINE=InnoDB AUTO_INCREMENT=9 DEFAULT CHARSET=utf8;

-- Dumping data for table subjects: ~8 rows (approximately)
/*!40000 ALTER TABLE `subjects` DISABLE KEYS */;
INSERT INTO `subjects` (`id`, `name`) VALUES
	(1, 'Алгебра'),
	(2, 'Биология'),
	(3, 'История'),
	(4, 'Литература'),
	(5, 'Статистика'),
	(6, 'Товароведение'),
	(7, 'Физика'),
	(8, 'Химия');
/*!40000 ALTER TABLE `subjects` ENABLE KEYS */;


-- Dumping structure for table subject_schedules
CREATE TABLE IF NOT EXISTS `subject_schedules` (
  `id` int(10) unsigned NOT NULL AUTO_INCREMENT,
  `subject_id` int(10) unsigned NOT NULL DEFAULT '0',
  `date` date NOT NULL,
  PRIMARY KEY (`id`),
  KEY `subject_id` (`subject_id`)
) ENGINE=InnoDB AUTO_INCREMENT=244 DEFAULT CHARSET=utf8;

-- Dumping data for table subject_schedules: ~0 rows (approximately)
/*!40000 ALTER TABLE `subject_schedules` DISABLE KEYS */;
INSERT INTO `subject_schedules` (`id`, `subject_id`, `date`) VALUES
	(1, 1, '2016-09-02'),
	(2, 2, '2016-09-02'),
	(3, 3, '2016-09-02'),
	(4, 2, '2016-09-03'),
	(5, 6, '2016-09-03'),
	(6, 4, '2016-09-03'),
	(7, 3, '2016-09-03'),
	(8, 1, '2016-09-03'),
	(9, 8, '2016-09-04'),
	(10, 2, '2016-09-04'),
	(11, 3, '2016-09-04'),
	(12, 4, '2016-09-05'),
	(13, 8, '2016-09-05'),
	(14, 2, '2016-09-05'),
	(15, 6, '2016-09-05'),
	(16, 2, '2016-09-08'),
	(17, 4, '2016-09-08'),
	(18, 6, '2016-09-08'),
	(19, 7, '2016-09-08'),
	(20, 1, '2016-09-09'),
	(21, 2, '2016-09-09'),
	(22, 3, '2016-09-09'),
	(23, 2, '2016-09-10'),
	(24, 6, '2016-09-10'),
	(25, 4, '2016-09-10'),
	(26, 3, '2016-09-10'),
	(27, 1, '2016-09-10'),
	(28, 8, '2016-09-11'),
	(29, 2, '2016-09-11'),
	(30, 3, '2016-09-11'),
	(31, 4, '2016-09-12'),
	(32, 8, '2016-09-12'),
	(33, 2, '2016-09-12'),
	(34, 6, '2016-09-12'),
	(35, 2, '2016-09-15'),
	(36, 4, '2016-09-15'),
	(37, 6, '2016-09-15'),
	(38, 7, '2016-09-15'),
	(39, 1, '2016-09-16'),
	(40, 2, '2016-09-16'),
	(41, 3, '2016-09-16'),
	(42, 2, '2016-09-17'),
	(43, 6, '2016-09-17'),
	(44, 4, '2016-09-17'),
	(45, 3, '2016-09-17'),
	(46, 1, '2016-09-17'),
	(47, 8, '2016-09-18'),
	(48, 2, '2016-09-18'),
	(49, 3, '2016-09-18'),
	(50, 4, '2016-09-19'),
	(51, 8, '2016-09-19'),
	(52, 2, '2016-09-19'),
	(53, 6, '2016-09-19'),
	(54, 2, '2016-09-22'),
	(55, 4, '2016-09-22'),
	(56, 6, '2016-09-22'),
	(57, 7, '2016-09-22'),
	(58, 1, '2016-09-23'),
	(59, 2, '2016-09-23'),
	(60, 3, '2016-09-23'),
	(61, 2, '2016-09-24'),
	(62, 6, '2016-09-24'),
	(63, 4, '2016-09-24'),
	(64, 3, '2016-09-24'),
	(65, 1, '2016-09-24'),
	(66, 8, '2016-09-25'),
	(67, 2, '2016-09-25'),
	(68, 3, '2016-09-25'),
	(69, 4, '2016-09-26'),
	(70, 8, '2016-09-26'),
	(71, 2, '2016-09-26'),
	(72, 6, '2016-09-26'),
	(73, 2, '2016-09-29'),
	(74, 4, '2016-09-29'),
	(75, 6, '2016-09-29'),
	(76, 7, '2016-09-29'),
	(77, 1, '2016-09-30'),
	(78, 2, '2016-09-30'),
	(79, 3, '2016-09-30'),
	(80, 2, '2016-10-01'),
	(81, 6, '2016-10-01'),
	(82, 4, '2016-10-01'),
	(83, 3, '2016-10-01'),
	(84, 1, '2016-10-01'),
	(85, 8, '2016-10-02'),
	(86, 2, '2016-10-02'),
	(87, 3, '2016-10-02'),
	(88, 4, '2016-10-03'),
	(89, 8, '2016-10-03'),
	(90, 2, '2016-10-03'),
	(91, 6, '2016-10-03'),
	(92, 2, '2016-10-06'),
	(93, 4, '2016-10-06'),
	(94, 6, '2016-10-06'),
	(95, 7, '2016-10-06'),
	(96, 1, '2016-10-07'),
	(97, 2, '2016-10-07'),
	(98, 3, '2016-10-07'),
	(99, 2, '2016-10-08'),
	(100, 6, '2016-10-08'),
	(101, 4, '2016-10-08'),
	(102, 3, '2016-10-08'),
	(103, 1, '2016-10-08'),
	(104, 8, '2016-10-09'),
	(105, 2, '2016-10-09'),
	(106, 3, '2016-10-09'),
	(107, 4, '2016-10-10'),
	(108, 8, '2016-10-10'),
	(109, 2, '2016-10-10'),
	(110, 6, '2016-10-10'),
	(111, 2, '2016-10-13'),
	(112, 4, '2016-10-13'),
	(113, 6, '2016-10-13'),
	(114, 7, '2016-10-13'),
	(115, 1, '2016-10-14'),
	(116, 2, '2016-10-14'),
	(117, 3, '2016-10-14'),
	(118, 2, '2016-10-15'),
	(119, 6, '2016-10-15'),
	(120, 4, '2016-10-15'),
	(121, 3, '2016-10-15'),
	(122, 1, '2016-10-15'),
	(123, 8, '2016-10-16'),
	(124, 2, '2016-10-16'),
	(125, 3, '2016-10-16'),
	(126, 4, '2016-10-17'),
	(127, 8, '2016-10-17'),
	(128, 2, '2016-10-17'),
	(129, 6, '2016-10-17'),
	(130, 2, '2016-10-20'),
	(131, 4, '2016-10-20'),
	(132, 6, '2016-10-20'),
	(133, 7, '2016-10-20'),
	(134, 1, '2016-10-21'),
	(135, 2, '2016-10-21'),
	(136, 3, '2016-10-21'),
	(137, 2, '2016-10-22'),
	(138, 6, '2016-10-22'),
	(139, 4, '2016-10-22'),
	(140, 3, '2016-10-22'),
	(141, 1, '2016-10-22'),
	(142, 8, '2016-10-23'),
	(143, 2, '2016-10-23'),
	(144, 3, '2016-10-23'),
	(145, 4, '2016-10-24'),
	(146, 8, '2016-10-24'),
	(147, 2, '2016-10-24'),
	(148, 6, '2016-10-24'),
	(149, 2, '2016-10-27'),
	(150, 4, '2016-10-27'),
	(151, 6, '2016-10-27'),
	(152, 7, '2016-10-27'),
	(153, 1, '2016-10-28'),
	(154, 2, '2016-10-28'),
	(155, 3, '2016-10-28'),
	(156, 2, '2016-10-29'),
	(157, 6, '2016-10-29'),
	(158, 4, '2016-10-29'),
	(159, 3, '2016-10-29'),
	(160, 1, '2016-10-29'),
	(161, 8, '2016-10-30'),
	(162, 2, '2016-10-30'),
	(163, 3, '2016-10-30'),
	(164, 4, '2016-10-31'),
	(165, 8, '2016-10-31'),
	(166, 2, '2016-10-31'),
	(167, 6, '2016-10-31'),
	(168, 2, '2016-11-03'),
	(169, 4, '2016-11-03'),
	(170, 6, '2016-11-03'),
	(171, 7, '2016-11-03'),
	(172, 1, '2016-11-04'),
	(173, 2, '2016-11-04'),
	(174, 3, '2016-11-04'),
	(175, 2, '2016-11-05'),
	(176, 6, '2016-11-05'),
	(177, 4, '2016-11-05'),
	(178, 3, '2016-11-05'),
	(179, 1, '2016-11-05'),
	(180, 8, '2016-11-06'),
	(181, 2, '2016-11-06'),
	(182, 3, '2016-11-06'),
	(183, 4, '2016-11-07'),
	(184, 8, '2016-11-07'),
	(185, 2, '2016-11-07'),
	(186, 6, '2016-11-07'),
	(187, 2, '2016-11-10'),
	(188, 4, '2016-11-10'),
	(189, 6, '2016-11-10'),
	(190, 7, '2016-11-10'),
	(191, 1, '2016-11-11'),
	(192, 2, '2016-11-11'),
	(193, 3, '2016-11-11'),
	(194, 2, '2016-11-12'),
	(195, 6, '2016-11-12'),
	(196, 4, '2016-11-12'),
	(197, 3, '2016-11-12'),
	(198, 1, '2016-11-12'),
	(199, 8, '2016-11-13'),
	(200, 2, '2016-11-13'),
	(201, 3, '2016-11-13'),
	(202, 4, '2016-11-14'),
	(203, 8, '2016-11-14'),
	(204, 2, '2016-11-14'),
	(205, 6, '2016-11-14'),
	(206, 2, '2016-11-17'),
	(207, 4, '2016-11-17'),
	(208, 6, '2016-11-17'),
	(209, 7, '2016-11-17'),
	(210, 1, '2016-11-18'),
	(211, 2, '2016-11-18'),
	(212, 3, '2016-11-18'),
	(213, 2, '2016-11-19'),
	(214, 6, '2016-11-19'),
	(215, 4, '2016-11-19'),
	(216, 3, '2016-11-19'),
	(217, 1, '2016-11-19'),
	(218, 8, '2016-11-20'),
	(219, 2, '2016-11-20'),
	(220, 3, '2016-11-20'),
	(221, 4, '2016-11-21'),
	(222, 8, '2016-11-21'),
	(223, 2, '2016-11-21'),
	(224, 6, '2016-11-21'),
	(225, 2, '2016-11-24'),
	(226, 4, '2016-11-24'),
	(227, 6, '2016-11-24'),
	(228, 7, '2016-11-24'),
	(229, 1, '2016-11-25'),
	(230, 2, '2016-11-25'),
	(231, 3, '2016-11-25'),
	(232, 2, '2016-11-26'),
	(233, 6, '2016-11-26'),
	(234, 4, '2016-11-26'),
	(235, 3, '2016-11-26'),
	(236, 1, '2016-11-26'),
	(237, 8, '2016-11-27'),
	(238, 2, '2016-11-27'),
	(239, 3, '2016-11-27'),
	(240, 4, '2016-11-28'),
	(241, 8, '2016-11-28'),
	(242, 2, '2016-11-28'),
	(243, 6, '2016-11-28');
/*!40000 ALTER TABLE `subject_schedules` ENABLE KEYS */;
/*!40101 SET SQL_MODE=IFNULL(@OLD_SQL_MODE, '') */;
/*!40014 SET FOREIGN_KEY_CHECKS=IF(@OLD_FOREIGN_KEY_CHECKS IS NULL, 1, @OLD_FOREIGN_KEY_CHECKS) */;
/*!40101 SET CHARACTER_SET_CLIENT=@OLD_CHARACTER_SET_CLIENT */;
